Model,R2,RMSE,MAE
Random Forest,0.804371619460579,304995.66278790985,156105.42548984374
