Model,R2,RMSE,MAE
Random_Forest,0.00744397213447201,404364.9666423937,329581.1597695195
PPML (Traditional),0.006327376314301208,424583.2149745134,346060.21775799553
