Model,R2,RMSE,MAE
Random Forest,0.6154601576625325,251690.41596372915,113443.58418057808
